State_UT,Rural_Male,Rural_Female,Rural_Person,Urban_Male,Urban_Female,Urban_Person,All_Male,All_Female,All_Person,Source
Andhra Pradesh,20009.0,13823.0,18281.0,28391,19150,25574,24797,17025,22511,"PLFS Annual Report 2025 (Jan-Dec 2025), Table 38, Appendix A p.A-237; Rs per month, regular wage/salaried employees, CWS"
Arunachal Pradesh,31288.0,22539.0,28916.0,35709,32270,34678,32865,26332,31025,"PLFS Annual Report 2025 (Jan-Dec 2025), Table 38, Appendix A p.A-237; Rs per month, regular wage/salaried employees, CWS"
Assam,18150.0,10773.0,15846.0,29228,23189,27299,21002,14046,18816,"PLFS Annual Report 2025 (Jan-Dec 2025), Table 38, Appendix A p.A-237; Rs per month, regular wage/salaried employees, CWS"
Bihar,19156.0,14309.0,18359.0,25222,23744,24968,20777,16924,20135,"PLFS Annual Report 2025 (Jan-Dec 2025), Table 38, Appendix A p.A-237; Rs per month, regular wage/salaried employees, CWS"
Chhattisgarh,17338.0,8246.0,15131.0,23485,15999,21042,19796,12135,17662,"PLFS Annual Report 2025 (Jan-Dec 2025), Table 38, Appendix A p.A-237; Rs per month, regular wage/salaried employees, CWS"
Delhi,29453.0,33622.0,29677.0,30990,29254,30674,30949,29284,30651,"PLFS Annual Report 2025 (Jan-Dec 2025), Table 38, Appendix A p.A-237; Rs per month, regular wage/salaried employees, CWS"
Goa,27728.0,19294.0,25290.0,32333,27275,30852,30678,24440,28859,"PLFS Annual Report 2025 (Jan-Dec 2025), Table 38, Appendix A p.A-237; Rs per month, regular wage/salaried employees, CWS"
Gujarat,18674.0,12379.0,17655.0,23170,16732,21805,21333,15289,20171,"PLFS Annual Report 2025 (Jan-Dec 2025), Table 38, Appendix A p.A-237; Rs per month, regular wage/salaried employees, CWS"
Haryana,20244.0,16981.0,19845.0,31793,29584,31306,26911,26220,26784,"PLFS Annual Report 2025 (Jan-Dec 2025), Table 38, Appendix A p.A-237; Rs per month, regular wage/salaried employees, CWS"
Himachal Pradesh,26410.0,14164.0,22914.0,28798,25675,27878,27049,17345,24255,"PLFS Annual Report 2025 (Jan-Dec 2025), Table 38, Appendix A p.A-237; Rs per month, regular wage/salaried employees, CWS"
Jharkhand,18080.0,10950.0,16960.0,31778,21684,30055,24175,15990,22839,"PLFS Annual Report 2025 (Jan-Dec 2025), Table 38, Appendix A p.A-237; Rs per month, regular wage/salaried employees, CWS"
Karnataka,20009.0,13797.0,18147.0,33427,24801,30471,28656,21371,26266,"PLFS Annual Report 2025 (Jan-Dec 2025), Table 38, Appendix A p.A-237; Rs per month, regular wage/salaried employees, CWS"
Kerala,24385.0,18830.0,21918.0,31731,23959,28475,28415,21513,25443,"PLFS Annual Report 2025 (Jan-Dec 2025), Table 38, Appendix A p.A-237; Rs per month, regular wage/salaried employees, CWS"
Madhya Pradesh,18125.0,13654.0,17208.0,24054,18552,22768,21635,16749,20548,"PLFS Annual Report 2025 (Jan-Dec 2025), Table 38, Appendix A p.A-237; Rs per month, regular wage/salaried employees, CWS"
Maharashtra,19861.0,13021.0,18367.0,32807,24273,30493,29076,21647,27169,"PLFS Annual Report 2025 (Jan-Dec 2025), Table 38, Appendix A p.A-237; Rs per month, regular wage/salaried employees, CWS"
Manipur,29262.0,23881.0,27970.0,32026,34454,32999,30113,29008,29784,"PLFS Annual Report 2025 (Jan-Dec 2025), Table 38, Appendix A p.A-237; Rs per month, regular wage/salaried employees, CWS"
Meghalaya,20905.0,13153.0,17450.0,29699,21958,25747,24044,16839,20653,"PLFS Annual Report 2025 (Jan-Dec 2025), Table 38, Appendix A p.A-237; Rs per month, regular wage/salaried employees, CWS"
Mizoram,37716.0,25793.0,36308.0,38826,33351,37626,38411,31671,37169,"PLFS Annual Report 2025 (Jan-Dec 2025), Table 38, Appendix A p.A-237; Rs per month, regular wage/salaried employees, CWS"
Nagaland,29244.0,21632.0,27201.0,36352,33247,35430,32533,27416,31090,"PLFS Annual Report 2025 (Jan-Dec 2025), Table 38, Appendix A p.A-237; Rs per month, regular wage/salaried employees, CWS"
Odisha,17346.0,11468.0,15749.0,27878,18255,24955,21477,14388,19459,"PLFS Annual Report 2025 (Jan-Dec 2025), Table 38, Appendix A p.A-237; Rs per month, regular wage/salaried employees, CWS"
Punjab,16064.0,8466.0,13785.0,19183,16902,18682,17855,12431,16467,"PLFS Annual Report 2025 (Jan-Dec 2025), Table 38, Appendix A p.A-237; Rs per month, regular wage/salaried employees, CWS"
Rajasthan,20677.0,15718.0,19953.0,26711,23244,25950,23689,20391,23081,"PLFS Annual Report 2025 (Jan-Dec 2025), Table 38, Appendix A p.A-237; Rs per month, regular wage/salaried employees, CWS"
Sikkim,23128.0,16346.0,20510.0,32663,25083,29848,26319,19149,23585,"PLFS Annual Report 2025 (Jan-Dec 2025), Table 38, Appendix A p.A-237; Rs per month, regular wage/salaried employees, CWS"
Tamil Nadu,22107.0,14771.0,19619.0,28599,21598,26223,26216,19087,23798,"PLFS Annual Report 2025 (Jan-Dec 2025), Table 38, Appendix A p.A-237; Rs per month, regular wage/salaried employees, CWS"
Telangana,22228.0,15199.0,20580.0,32437,23126,29697,29301,21179,27052,"PLFS Annual Report 2025 (Jan-Dec 2025), Table 38, Appendix A p.A-237; Rs per month, regular wage/salaried employees, CWS"
Tripura,19335.0,7511.0,14506.0,27135,19592,24702,22144,10889,17866,"PLFS Annual Report 2025 (Jan-Dec 2025), Table 38, Appendix A p.A-237; Rs per month, regular wage/salaried employees, CWS"
Uttarakhand,19973.0,12249.0,18177.0,24061,14056,20912,21998,13330,19609,"PLFS Annual Report 2025 (Jan-Dec 2025), Table 38, Appendix A p.A-237; Rs per month, regular wage/salaried employees, CWS"
Uttar Pradesh,16078.0,10172.0,15142.0,22429,19455,21940,19136,14730,18426,"PLFS Annual Report 2025 (Jan-Dec 2025), Table 38, Appendix A p.A-237; Rs per month, regular wage/salaried employees, CWS"
West Bengal,15426.0,8819.0,13757.0,21469,13415,19019,18604,11528,16618,"PLFS Annual Report 2025 (Jan-Dec 2025), Table 38, Appendix A p.A-237; Rs per month, regular wage/salaried employees, CWS"
Andaman & N. Island,28983.0,18402.0,26021.0,35700,29682,33787,32795,25299,30531,"PLFS Annual Report 2025 (Jan-Dec 2025), Table 38, Appendix A p.A-237; Rs per month, regular wage/salaried employees, CWS"
Chandigarh,,,,31569,23761,29211,31569,23761,29211,"PLFS Annual Report 2025 (Jan-Dec 2025), Table 38, Appendix A p.A-237; Rs per month, regular wage/salaried employees, CWS"
Dadra & Nagar Haveli & Daman & Diu,19002.0,11652.0,17684.0,20210,11454,18789,19888,11512,18490,"PLFS Annual Report 2025 (Jan-Dec 2025), Table 38, Appendix A p.A-237; Rs per month, regular wage/salaried employees, CWS"
Jammu & Kashmir,26537.0,16972.0,25249.0,28673,30283,29088,27198,23638,26568,"PLFS Annual Report 2025 (Jan-Dec 2025), Table 38, Appendix A p.A-237; Rs per month, regular wage/salaried employees, CWS"
Ladakh,48225.0,34634.0,44321.0,32653,33809,32971,45080,34476,42060,"PLFS Annual Report 2025 (Jan-Dec 2025), Table 38, Appendix A p.A-237; Rs per month, regular wage/salaried employees, CWS"
Lakshadweep,38899.0,28674.0,35754.0,35111,21647,31121,36309,23950,32602,"PLFS Annual Report 2025 (Jan-Dec 2025), Table 38, Appendix A p.A-237; Rs per month, regular wage/salaried employees, CWS"
Puducherry,24037.0,13966.0,19597.0,32312,30371,31652,29948,24139,27786,"PLFS Annual Report 2025 (Jan-Dec 2025), Table 38, Appendix A p.A-237; Rs per month, regular wage/salaried employees, CWS"
all India,19300.0,13208.0,17841.0,27973,21653,26247,24217,18353,22699,"PLFS Annual Report 2025 (Jan-Dec 2025), Table 38, Appendix A p.A-237; Rs per month, regular wage/salaried employees, CWS"
