State_UT,Rural_Male,Rural_Female,Rural_Person,Urban_Male,Urban_Female,Urban_Person,All_Male,All_Female,All_Person,Source,vs_india_pct,urban_rural_ratio,gender_gap_pct
Maharashtra,19861.0,13021.0,18367.0,32807,24273,30493,29076,21647,27169,"PLFS Annual Report 2025 (Jan-Dec 2025), Table 38, Appendix A p.A-237; Rs per month, regular wage/salaried employees, CWS",19.7,1.66,25.6
Telangana,22228.0,15199.0,20580.0,32437,23126,29697,29301,21179,27052,"PLFS Annual Report 2025 (Jan-Dec 2025), Table 38, Appendix A p.A-237; Rs per month, regular wage/salaried employees, CWS",19.2,1.44,27.7
Karnataka,20009.0,13797.0,18147.0,33427,24801,30471,28656,21371,26266,"PLFS Annual Report 2025 (Jan-Dec 2025), Table 38, Appendix A p.A-237; Rs per month, regular wage/salaried employees, CWS",15.7,1.68,25.4
Kerala,24385.0,18830.0,21918.0,31731,23959,28475,28415,21513,25443,"PLFS Annual Report 2025 (Jan-Dec 2025), Table 38, Appendix A p.A-237; Rs per month, regular wage/salaried employees, CWS",12.1,1.3,24.3
Tamil Nadu,22107.0,14771.0,19619.0,28599,21598,26223,26216,19087,23798,"PLFS Annual Report 2025 (Jan-Dec 2025), Table 38, Appendix A p.A-237; Rs per month, regular wage/salaried employees, CWS",4.8,1.34,27.2
Rajasthan,20677.0,15718.0,19953.0,26711,23244,25950,23689,20391,23081,"PLFS Annual Report 2025 (Jan-Dec 2025), Table 38, Appendix A p.A-237; Rs per month, regular wage/salaried employees, CWS",1.7,1.3,13.9
Jharkhand,18080.0,10950.0,16960.0,31778,21684,30055,24175,15990,22839,"PLFS Annual Report 2025 (Jan-Dec 2025), Table 38, Appendix A p.A-237; Rs per month, regular wage/salaried employees, CWS",0.6,1.77,33.9
Andhra Pradesh,20009.0,13823.0,18281.0,28391,19150,25574,24797,17025,22511,"PLFS Annual Report 2025 (Jan-Dec 2025), Table 38, Appendix A p.A-237; Rs per month, regular wage/salaried employees, CWS",-0.8,1.4,31.3
Madhya Pradesh,18125.0,13654.0,17208.0,24054,18552,22768,21635,16749,20548,"PLFS Annual Report 2025 (Jan-Dec 2025), Table 38, Appendix A p.A-237; Rs per month, regular wage/salaried employees, CWS",-9.5,1.32,22.6
Gujarat,18674.0,12379.0,17655.0,23170,16732,21805,21333,15289,20171,"PLFS Annual Report 2025 (Jan-Dec 2025), Table 38, Appendix A p.A-237; Rs per month, regular wage/salaried employees, CWS",-11.1,1.24,28.3
Bihar,19156.0,14309.0,18359.0,25222,23744,24968,20777,16924,20135,"PLFS Annual Report 2025 (Jan-Dec 2025), Table 38, Appendix A p.A-237; Rs per month, regular wage/salaried employees, CWS",-11.3,1.36,18.5
Odisha,17346.0,11468.0,15749.0,27878,18255,24955,21477,14388,19459,"PLFS Annual Report 2025 (Jan-Dec 2025), Table 38, Appendix A p.A-237; Rs per month, regular wage/salaried employees, CWS",-14.3,1.58,33.0
Assam,18150.0,10773.0,15846.0,29228,23189,27299,21002,14046,18816,"PLFS Annual Report 2025 (Jan-Dec 2025), Table 38, Appendix A p.A-237; Rs per month, regular wage/salaried employees, CWS",-17.1,1.72,33.1
Uttar Pradesh,16078.0,10172.0,15142.0,22429,19455,21940,19136,14730,18426,"PLFS Annual Report 2025 (Jan-Dec 2025), Table 38, Appendix A p.A-237; Rs per month, regular wage/salaried employees, CWS",-18.8,1.45,23.0
West Bengal,15426.0,8819.0,13757.0,21469,13415,19019,18604,11528,16618,"PLFS Annual Report 2025 (Jan-Dec 2025), Table 38, Appendix A p.A-237; Rs per month, regular wage/salaried employees, CWS",-26.8,1.38,38.0
