State_UT,All_Person,price_index,adjusted_pay,rank_nominal,rank_adjusted
Telangana,27052,1.047092458635828,25835.0,2,1
Jharkhand,22839,0.9209891259845358,24798.0,7,2
Tamil Nadu,23798,0.9932043578835165,23961.0,5,3
Karnataka,26266,1.1115182442915528,23631.0,3,4
Odisha,19459,0.8260509587379953,23557.0,12,5
Kerala,25443,1.0856489480479832,23436.0,4,6
Maharashtra,27169,1.173556089082701,23151.0,1,7
Bihar,20135,0.8857551120585953,22732.0,11,8
Madhya Pradesh,20548,0.9179836658684312,22384.0,9,9
Rajasthan,23081,1.036057578686882,22278.0,6,10
Andhra Pradesh,22511,1.0261117551370122,21938.0,8,11
Uttar Pradesh,18426,0.9232775600295616,19957.0,14,12
Assam,18816,0.9483273118525701,19841.0,13,13
Gujarat,20171,1.1550852633665127,17463.0,10,14
West Bengal,16618,0.9656493655944667,17209.0,15,15
