State_UT,Rural_Person,Urban_Person,urban_premium_ratio,urban_rural_price_ratio,price_adjusted_ratio,gap_rs
Jharkhand,16960.0,30055,1.77,1.3,1.36,13095.0
Assam,15846.0,27299,1.72,1.22,1.41,11453.0
Karnataka,18147.0,30471,1.68,1.21,1.39,12324.0
Maharashtra,18367.0,30493,1.66,1.16,1.43,12126.0
Odisha,15749.0,24955,1.58,1.24,1.27,9206.0
Uttar Pradesh,15142.0,21940,1.45,1.23,1.18,6798.0
Telangana,20580.0,29697,1.44,1.17,1.23,9117.0
Andhra Pradesh,18281.0,25574,1.4,1.17,1.2,7293.0
West Bengal,13757.0,19019,1.38,1.25,1.1,5262.0
Bihar,18359.0,24968,1.36,1.19,1.14,6609.0
Tamil Nadu,19619.0,26223,1.34,1.06,1.26,6604.0
Madhya Pradesh,17208.0,22768,1.32,1.16,1.14,5560.0
Kerala,21918.0,28475,1.3,0.97,1.34,6557.0
Rajasthan,19953.0,25950,1.3,1.11,1.17,5997.0
Gujarat,17655.0,21805,1.24,1.24,1.0,4150.0
